quadrant,n,accuracy,wrong_rate,mean_confidence,mean_workspace_noise
high_confidence__clean_workspace,250,0.492,0.508,0.9450358762741089,1.211894944343812
high_confidence__noisy_workspace,459,0.2657952069716776,0.7342047930283224,0.843445878273002,2.055902483005281
low_confidence__clean_workspace,29,0.06896551724137931,0.9310344827586207,0.4881832918216442,1.3659211341677036
low_confidence__noisy_workspace,531,0.07344632768361582,0.9265536723163842,0.4335425375713467,2.315010795282049
