budget,recall_conf_only,precision_conf_only,recall_noise_only,precision_noise_only,recall_combined,precision_combined
0.05,0.0603448275862069,0.8,0.07112068965517242,0.9428571428571428,0.0668103448275862,0.8857142857142857
0.1,0.1314655172413793,0.8714285714285714,0.13577586206896552,0.9,0.1400862068965517,0.9285714285714286
0.2,0.2629310344827586,0.8652482269503546,0.25646551724137934,0.8439716312056738,0.2650862068965517,0.8723404255319149
0.3,0.39439655172413796,0.8632075471698113,0.3771551724137931,0.8254716981132075,0.3900862068965517,0.8537735849056604
