quadrant,n,accuracy,wrong_rate,mean_confidence,mean_workspace_noise
high_confidence__clean_workspace,447,0.25727069351230425,0.7427293064876958,0.8515902118928214,1.055952375105465
high_confidence__noisy_workspace,451,0.11086474501108648,0.8891352549889135,0.8063874386102291,2.19833126532986
low_confidence__clean_workspace,345,0.2,0.8,0.4575785336935002,1.0843740404865947
low_confidence__noisy_workspace,637,0.06750392464678179,0.9324960753532182,0.4370353705361017,2.3157439266990876
