budget,recall_conf_only,precision_conf_only,recall_noise_only,precision_noise_only,recall_combined,precision_combined
0.05,0.05184174624829468,0.8636363636363636,0.058663028649386086,0.9772727272727273,0.06002728512960437,1.0
0.1,0.11050477489768076,0.9101123595505618,0.12005457025920874,0.9887640449438202,0.12005457025920874,0.9887640449438202
0.2,0.21828103683492497,0.8938547486033519,0.23465211459754434,0.9608938547486033,0.23465211459754434,0.9608938547486033
0.3,0.330150068212824,0.8996282527881041,0.34106412005457026,0.929368029739777,0.34652114597544337,0.9442379182156134
