quadrant,n,accuracy,wrong_rate,mean_confidence,mean_workspace_noise
high_confidence__clean_workspace,210,0.2714285714285714,0.7285714285714285,0.7989319301786877,0.9067705981320996
high_confidence__noisy_workspace,595,0.047058823529411764,0.9529411764705882,0.748622484167083,2.439723975940474
low_confidence__clean_workspace,237,0.31645569620253167,0.6835443037974683,0.45358176139588097,0.9102399042847308
low_confidence__noisy_workspace,927,0.02696871628910464,0.9730312837108953,0.47964920289008134,2.6103246681347985
