budget,recall_conf_only,precision_conf_only,recall_noise_only,precision_noise_only,recall_combined,precision_combined
0.05,0.04861111111111111,0.875,0.05555555555555555,1.0,0.05416666666666667,0.975
0.1,0.10277777777777777,0.925,0.10833333333333334,0.975,0.10833333333333334,0.975
0.2,0.2013888888888889,0.9006211180124224,0.21805555555555556,0.9751552795031055,0.21666666666666667,0.968944099378882
0.3,0.30277777777777776,0.9045643153526971,0.32083333333333336,0.9585062240663901,0.3194444444444444,0.9543568464730291
