quadrant,n,accuracy,wrong_rate,mean_confidence,mean_workspace_noise
high_confidence__clean_workspace,502,0.5577689243027888,0.44223107569721115,0.8408647508497732,0.9410765123905167
high_confidence__noisy_workspace,474,0.21940928270042195,0.7805907172995781,0.8032167181687013,2.2730896264195146
low_confidence__clean_workspace,475,0.4863157894736842,0.5136842105263157,0.45303753562240157,0.939108794535817
low_confidence__noisy_workspace,504,0.1388888888888889,0.8611111111111112,0.44470814559089233,2.3159148723330527
