quadrant,n,accuracy,wrong_rate,mean_confidence,mean_workspace_noise
high_confidence__clean_workspace,463,0.3952483801295896,0.6047516198704104,0.8910143439764595,1.0804909726635583
high_confidence__noisy_workspace,466,0.19313304721030042,0.8068669527896996,0.8347012451789921,2.151883210773409
low_confidence__clean_workspace,234,0.24786324786324787,0.7521367521367521,0.44809104816923884,1.0099978255885969
low_confidence__noisy_workspace,647,0.07418856259659969,0.9258114374034003,0.4363565143915067,2.4640324487038523
