budget,recall_conf_only,precision_conf_only,recall_noise_only,precision_noise_only,recall_combined,precision_combined
0.05,0.051829268292682924,0.7391304347826086,0.06707317073170732,0.9565217391304348,0.06554878048780488,0.9347826086956522
0.1,0.11128048780487805,0.7934782608695652,0.12804878048780488,0.9130434782608695,0.12957317073170732,0.9239130434782609
0.2,0.22103658536585366,0.7837837837837838,0.24847560975609756,0.8810810810810811,0.24695121951219512,0.8756756756756757
0.3,0.33689024390243905,0.7949640287769785,0.35365853658536583,0.8345323741007195,0.3551829268292683,0.8381294964028777
