quadrant,n,accuracy,wrong_rate,mean_confidence,mean_workspace_noise
high_confidence__clean_workspace,532,0.868421052631579,0.13157894736842105,0.8954570262055648,1.0472307459691093
high_confidence__noisy_workspace,322,0.8478260869565217,0.15217391304347827,0.8609368838138461,1.989562034077063
low_confidence__clean_workspace,148,0.4189189189189189,0.581081081081081,0.4418466011616024,1.1620015115766609
low_confidence__noisy_workspace,185,0.3675675675675676,0.6324324324324324,0.42947584132890443,2.049613007323162
