budget,recall_conf_only,precision_conf_only,recall_noise_only,precision_noise_only,recall_combined,precision_combined
0.05,0.11764705882352941,0.3333333333333333,0.03361344537815126,0.09523809523809523,0.06722689075630252,0.19047619047619047
0.1,0.21008403361344538,0.29411764705882354,0.10084033613445378,0.1411764705882353,0.17647058823529413,0.24705882352941178
0.2,0.42857142857142855,0.3,0.21008403361344538,0.14705882352941177,0.3697478991596639,0.25882352941176473
0.3,0.5714285714285714,0.265625,0.3445378151260504,0.16015625,0.5546218487394958,0.2578125
