quadrant,n,accuracy,wrong_rate,mean_confidence,mean_workspace_noise
high_confidence__clean_workspace,166,0.15060240963855423,0.8493975903614458,0.793213659381292,1.0465362944846401
high_confidence__noisy_workspace,190,0.08421052631578947,0.9157894736842105,0.764786002824181,2.168702567760882
low_confidence__clean_workspace,173,0.10404624277456648,0.8959537572254336,0.47084957387061477,1.0227399734920832
low_confidence__noisy_workspace,219,0.0273972602739726,0.9726027397260274,0.46849707787463424,2.1812710059730156
