budget,recall_conf_only,precision_conf_only,recall_noise_only,precision_noise_only,recall_combined,precision_combined
0.05,0.050793650793650794,0.9411764705882353,0.047619047619047616,0.8823529411764706,0.047619047619047616,0.8823529411764706
0.1,0.10793650793650794,0.9714285714285714,0.09841269841269841,0.8857142857142857,0.10158730158730159,0.9142857142857143
0.2,0.21904761904761905,0.971830985915493,0.2,0.8873239436619719,0.20952380952380953,0.9295774647887324
0.3,0.32063492063492066,0.9528301886792453,0.3047619047619048,0.9056603773584906,0.3142857142857143,0.9339622641509434
